{"mean":{"confidence_interval":{"confidence_level":0.95,"lower_bound":16859156.071999997,"upper_bound":16863242.456999995},"point_estimate":16861164.11,"standard_error":1041.5037396002162},"median":{"confidence_interval":{"confidence_level":0.95,"lower_bound":16858909.666666668,"upper_bound":16862526.333333332},"point_estimate":16860476.333333336,"standard_error":1127.9875462076095},"median_abs_dev":{"confidence_interval":{"confidence_level":0.95,"lower_bound":5930.646994711809,"upper_bound":9958.376923201628},"point_estimate":8055.212756995989,"standard_error":1057.3163942942895},"slope":null,"std_dev":{"confidence_interval":{"confidence_level":0.95,"lower_bound":8162.722168799341,"upper_bound":12586.581038876237},"point_estimate":10448.63353505341,"standard_error":1134.2464779012541}}