{"mean":{"confidence_interval":{"confidence_level":0.95,"lower_bound":15252218.7445625,"upper_bound":15255715.0774375},"point_estimate":15253824.5275,"standard_error":894.5179715512281},"median":{"confidence_interval":{"confidence_level":0.95,"lower_bound":15251126.5,"upper_bound":15253201.5},"point_estimate":15252089.0,"standard_error":495.41621027934553},"median_abs_dev":{"confidence_interval":{"confidence_level":0.95,"lower_bound":3929.26058024168,"upper_bound":6708.764880895615},"point_estimate":4948.362737149,"standard_error":688.927783856363},"slope":null,"std_dev":{"confidence_interval":{"confidence_level":0.95,"lower_bound":5414.885951917733,"upper_bound":12630.166957447742},"point_estimate":8968.572590959602,"standard_error":1960.430366782539}}