{"mean":{"confidence_interval":{"confidence_level":0.95,"lower_bound":3824478.627285713,"upper_bound":3825522.7694999985},"point_estimate":3824936.301428569,"standard_error":269.21580095899327},"median":{"confidence_interval":{"confidence_level":0.95,"lower_bound":3824223.5714285714,"upper_bound":3825132.4642857146},"point_estimate":3824673.4285714286,"standard_error":241.52394160903756},"median_abs_dev":{"confidence_interval":{"confidence_level":0.95,"lower_bound":1268.0465774876238,"upper_bound":1911.49496606414},"point_estimate":1567.319972174311,"standard_error":169.294437049933},"slope":null,"std_dev":{"confidence_interval":{"confidence_level":0.95,"lower_bound":1401.9822654868426,"upper_bound":4096.080996345698},"point_estimate":2700.916632821173,"standard_error":838.3694588956961}}