{"mean":{"confidence_interval":{"confidence_level":0.95,"lower_bound":4224384.563500001,"upper_bound":4225544.328416669},"point_estimate":4224928.161666667,"standard_error":295.66809474356614},"median":{"confidence_interval":{"confidence_level":0.95,"lower_bound":4224090.333333334,"upper_bound":4225090.333333334},"point_estimate":4224719.458333334,"standard_error":261.4026203047861},"median_abs_dev":{"confidence_interval":{"confidence_level":0.95,"lower_bound":1723.5224694013596,"upper_bound":2755.288501084311},"point_estimate":2279.5592345295036,"standard_error":260.3121579302643},"slope":null,"std_dev":{"confidence_interval":{"confidence_level":0.95,"lower_bound":2039.500130292082,"upper_bound":4045.485437465246},"point_estimate":2970.7968933456445,"standard_error":565.6971787180178}}